year,co2,ch4,n2o,other_wmghg,o3_trop,o3_strat,h2o_strat,contrails,aerosol-radiation_interactions,aerosol-cloud_interactions,bc_on_snow,land_use,volcanic,solar,total_anthropogenic,total_natural,total
1750,0.0,0.0,0.0,0.0,0.0,-0.0,0.0,0.0,0.0,-0.0,0.0,0.0,0.18574567415812035,0.07362139369420888,0.0,0.2593670678523292,0.2593670678523292
1751,0.001598198395741206,0.0005314883021899806,8.546860278074256e-05,8.615194286775818e-10,0.0002,-0.0,6.871513140876471e-05,0.0,0.00046590318271298725,0.0005257746104115512,-0.00028111531655108425,-0.00022945725475492765,0.1857567460517512,0.05527510463170887,0.0029649765154586487,0.24103185068346006,0.24399682719891871
1752,0.00319597135743214,0.001062653391712661,0.00017092972980488027,1.7230388573551636e-09,0.0004,-0.0,0.00013738847525453885,0.0,0.0007492590975498245,0.0007121887624629401,-0.00037820735359282975,-0.0004589145095098553,0.1857604715824308,0.02519717494420888,0.005591270674153156,0.21095764652663967,0.21654891720079283
1753,0.004793319131106945,0.0015934958113525432,0.00025638338186561335,2.5845582860604564e-09,0.0006000000000000001,-0.0,0.00020602010171291845,0.0,0.0004680408880116879,0.0004891614608888571,-0.00029127611112522136,-0.0006883717642647817,0.1857617169069504,-0.010980583844853616,0.007426775484106848,0.17478113306209678,0.1822079085462036
1754,0.006390241962593357,0.002124016102343165,0.00034182955975729416,3.446077714738038e-09,0.0008,-0.0,0.00027461008075897823,0.0,-0.0003082673354974051,-0.00036588912938521976,1.6934657623560138e-05,-0.0009178290190197106,0.18576213564093827,-0.04539547642297862,0.008355650325251733,0.14036665921795966,0.1487223095432114
1755,0.007986740097500602,0.0026542148043741604,0.00042726826427303246,4.30759714341562e-09,0.001,-0.0,0.00034315848216818454,0.0,0.0001538499781388522,-3.99214179257839e-05,1.5805680448658802e-05,-0.001147286273774637,0.16149051004268924,-0.06987279575891611,0.011393833922800214,0.09161771428377313,0.10301154820657335
1756,0.009582813781227046,0.0031840924555972235,0.0005126994962054936,5.1691165720932015e-09,0.0012,-0.0,0.00041166537551716627,0.0,0.000407599399759314,0.0003460496660251685,-0.00032627440354724297,-0.001376743528529566,-0.06413990375550595,-0.0774546805245411,0.013941907411371178,-0.14159458428004706,-0.12765267686867587
1757,0.01117846325895303,0.0037136495926318324,0.0005981232563488944,6.0306360007707836e-09,0.0014,-0.0,0.000480130830184455,0.0,-0.00045031693513307436,-0.001120545597811621,0.0005656175646268876,-0.0016062007832844923,0.06548148963396255,-0.058312761579228614,0.014758927217151913,0.007168728054733939,0.02192765527188585
1758,0.012773688775653482,0.004242886750572063,0.0006835395454950114,6.892155429476076e-09,0.0016,-0.0,0.0005485549153513659,0.0,-0.0001530356497950712,-0.0006618327557041396,0.00025740679587810605,-0.0018356580380394212,0.143706674085902,-0.006955632672978618,0.017455557231566825,0.13675104141292338,0.1542065986444902
1759,0.014368490576087021,0.004771804462991945,0.0007689483644371727,7.753674858153659e-09,0.0018000000000000004,-0.0,0.0006169377000026903,0.0,-0.0002412874112683247,-0.0005587608013609281,0.0002201505491062768,-0.0020651152927943475,0.17156026373747926,0.04354346400670888,0.019681175900876365,0.21510372774418815,0.23478490364506452
1760,0.01596286890479745,0.0053004032619523985,0.0008543497139674639,8.61519428683124e-09,0.002,-0.0,0.000685279252927592,0.0,-0.0007197815445637197,-0.0009610161937590071,0.0003386931524711927,-0.0022945725475492767,0.18098830087140405,0.06842639857702137,0.02116623261543838,0.24941469944842543,0.2705809320638638
1761,0.017556824006120186,0.0058286836780060995,0.0009397435948787237,9.476713715508822e-09,0.0022,-0.0,0.0007535796427202374,0.0,-0.00047065614670099495,-0.001150454643869041,0.00045159086996158696,-0.002524029802304203,0.1841585443588585,0.06227976771764637,0.023585290675526314,0.24643831207650488,0.2700236027520312
1762,0.019150356124176312,0.00635664624020466,0.001025130007962947,1.0338233144186403e-08,0.0024,-0.0,0.0008218389377807224,0.0,-0.0001940671462981325,-0.0004423769923683013,4.403010982125736e-05,-0.002753487057059132,-0.7198788864817063,0.040189338030146377,0.02640808056245348,-0.6796895484515599,-0.6532814678891065
1763,0.020743465502880226,0.0068842914761038584,0.0011105089540120842,1.1199752572891698e-08,0.0026000000000000003,-0.0,0.0008900572063157503,0.0,-0.00022740234070011203,-0.0006817809893569249,0.00010386590009116852,-0.0029829443118140585,-0.4399601212913509,0.006850885881708881,0.028440072597284562,-0.433109235409642,-0.4046691628123575
1764,0.022336152385927545,0.007411619911769724,0.00119588043381804,1.206127200156928e-08,0.0028,-0.0,0.0009582345163394164,0.0,0.0008534167968616037,0.0003027871762188414,-0.000296920996999743,-0.003212401566568987,-0.03904732457783037,-0.02990409458704112,0.03234878071863844,-0.06895141916487149,-0.03660263844623305
1765,0.023928417016807726,0.00793863207178425,0.0012812444481726745,1.292279143024686e-08,0.003,-0.0,0.0010263709356739487,0.0,-0.0004681234996150342,-0.0009576924049380737,0.00029127611112522635,-0.0034418588213239137,0.10958166609721692,-0.05974801548547861,0.03259827878047823,0.04983365061173831,0.08243192939221655
1766,0.025520259638798067,0.008465328479252207,0.001366600997867004,1.3784310858924442e-08,0.0032,-0.0,0.001094466531950587,0.0,8.886831378137477e-05,-0.0007382989121761695,0.0001433801012128055,-0.00367131607607884,-0.17848752670419268,-0.07386654575891613,0.03546930285891791,-0.2523540724631088,-0.2168847696041909
1767,0.02711168049496524,0.008991709655805393,0.0014519500836927982,1.4645830287602023e-08,0.0034,-0.0,0.0011625213726101343,0.0,5.4119474974589216e-05,-0.000711702624244293,0.0001659596447108823,-0.003900773330833769,-0.23003967707403605,-0.06068405064172861,0.03772547941751127,-0.29072372771576466,-0.2529982482982534
1768,0.02870267982816551,0.009517776121609822,0.0015372917064409835,1.5507349716307318e-08,0.0036000000000000008,-0.0,0.0012305355249038836,0.0,-0.0011807638365806603,-0.0024158179568386047,0.0009630175301930851,-0.004130230585588698,0.0295441238874522,-0.004521941266728617,0.037824503839655035,0.025022182620723584,0.06284668646037862
1769,0.030293257881044977,0.010043528395371053,0.0016226258669028405,1.63688691449849e-08,0.0038,-0.0,0.0012985090558943104,0.0,-0.0006478536074415071,-0.0017085994098148566,0.00044933291561177925,-0.004359687840343624,0.1325346158749756,0.061624543108271375,0.04079112962609412,0.19415915898324695,0.23495028860934108
1770,0.03188341489604106,0.010568966994339684,0.001707952565868806,1.723038857366248e-08,0.004,-0.0,0.001366442032455779,0.0,-0.0006690017998307561,-0.0018447679663777254,0.0004696545047600535,-0.004589145095098551,0.03636234846097209,0.09329373256139636,0.04289353336254693,0.12965608102236845,0.17254961438491537
1771,0.03347315111537657,0.011094092434317165,0.0017932718041300704,1.8091908002340062e-08,0.004200000000000001,-0.0,0.0014343345212752972,0.0,0.00021925472416397043,-0.0002727658960171647,3.499829242202662e-05,-0.0048186023498534795,0.08889303627750589,0.08574304896764637,0.04715775273772245,0.17463608524515226,0.22179383798287472
1772,0.03506246678107226,0.011618905229662016,0.0018785835824765822,1.8953427431017643e-08,0.0044,-0.0,0.0015021865888533187,0.0,0.0006221532483726699,0.00013640971214422704,-0.00012080055771472364,-0.005048059604608406,0.15110052169091734,0.06281018763952137,0.05005186393368538,0.2139107093304387,0.2639625732641241
1773,0.03665136213493476,0.012143405893294792,0.001963887901698643,1.9814946859722935e-08,0.0046,-0.0,0.0015699983015043859,0.0,0.000467124564008662,3.992294652855528e-05,-5.644885874519712e-05,-0.005277516859363335,0.17402255695782867,0.02686643763952138,0.05210175583880812,0.20088899459735005,0.25299075043615815
1774,0.038239837418564196,0.012667594936704052,0.0020491847625869093,2.0676466288400516e-08,0.0048,-0.0,0.0016377697253579006,0.0,-0.0008438520493979605,-0.00147939753705104,0.0006446459668701665,-0.005506974114118261,0.18181443567658306,-0.013882292829228616,0.05220882978598225,0.16793214284735444,0.2201409726333367
1775,0.039827892873347086,0.01319147286995206,0.0021344741659307946,2.1537985717078098e-08,0.005,-0.0,0.0017055009263588611,0.0,-0.00020297026191282153,-0.0009543686055213272,0.0005780363135508324,-0.005736431368873187,0.18443600769588672,-0.04960763462610361,0.05554362845081801,0.13482837306978313,0.19037200152060113
1776,0.04141552874046881,0.01371504020168002,0.0022197561125200677,2.2399505145755682e-08,0.005200000000000001,-0.0,0.0017731919702685408,0.0,0.0001577590789676661,-0.0004423769923683013,0.00016144373601126695,-0.005965888623628117,0.1853168155815639,-0.07076202915735362,0.05823447662342509,0.11455478642421028,0.17278926304763537
1777,0.043002745260902815,0.014238297439114136,0.00230503060314485,2.3261024574433264e-08,0.0054,-0.0,0.0018408429226652696,0.0,-0.00030649045800310026,-0.0013531489003921829,0.000817379474630472,-0.006195345878383046,0.1856126856704365,-0.06695548618860361,0.05974933372470378,0.1186571994818329,0.17840653320653668
1778,0.04458954267541211,0.014761245088070602,0.002390297638594421,2.412254400313856e-08,0.0056,-0.0,0.0019084538489450794,0.0,-0.0007500854026165141,-0.0020041622192428915,0.0011312351292537752,-0.006424803133137972,0.18571207513321009,-0.022322209821416115,0.06120174774782262,0.16338986531179397,0.22459161305961658
1779,0.0461759212245556,0.01528388365296144,0.0024755572196576156,2.498406343181614e-08,0.0058000000000000005,-0.0,0.0019760248143224604,0.0,-0.00021976595562023943,-0.0010607249316691386,0.0006977078940906546,-0.006654260387892898,0.18574546502203015,0.049081672014521384,0.06447436851446893,0.23482713703655153,0.2993015055510205
1780,0.04776188114868222,0.01580621363679982,0.0025608093471240216,2.584558286049372e-08,0.006,-0.0,0.002043555883831047,0.0,-0.0009131874713009143,-0.0017550979895972119,0.0010330141150371283,-0.0068837176426478274,0.18575668147078706,0.09185847865514638,0.06565349687351116,0.27761516012593346,0.34326865699944464
1781,0.04934742268793852,0.01632823554120579,0.0026460540217823855,2.6707102289171303e-08,0.006200000000000001,-0.0,0.0021110471223243594,0.0,-0.0005228535381289028,-0.0018447679663777254,0.0010341430922120346,-0.007113174897402756,0.18576045057214427,0.09170247279577136,0.068186132770656,0.2774629233679156,0.3456490561385716
1782,0.05093254608225664,0.016849949866411116,0.0027312912444218056,2.7568621717848884e-08,0.0064,-0.0,0.0021784985944764304,0.0,-0.0003778654720602882,-0.0012999870059871947,0.0007078686886647867,-0.007342632152157682,0.18576171303887845,0.06741236049108387,0.07077969741464733,0.25317407352996235,0.3239537709446097
1783,0.052517251571366774,0.01737135711126513,0.0028165210158305385,2.8430141146554176e-08,0.0066,-0.0,0.0022459103647825595,0.0,-0.00021933661711505403,-0.0012202390816410597,0.0005972289255242001,-0.007572089406912609,-1.607111309127523,0.03054817592077138,0.07313663231324162,-1.5765631332067518,-1.5034265008935102
1784,0.05410153939479134,0.017892457773240174,0.0029017433367967953,2.9291660575231757e-08,0.0068000000000000005,-0.0,0.002313282497560018,0.0,0.0005395057311571722,-0.0006385593340586141,0.0004820732536839932,-0.007801546661667538,-3.487549642588016,-0.012977458844853615,0.07659052528316392,-3.5005271014328696,-3.4239365761497056
1785,0.05568540979184642,0.018413252348436573,0.002986958208109143,3.015318000390934e-08,0.006999999999999999,-0.0,0.0023806150569486923,0.0,-0.00040870811153563905,-0.0014827196631667734,0.0007677044789346978,-0.008031003916422468,-1.3227211965923305,-0.04967003696985362,0.07731153834633064,-1.3723912335621842,-1.2950796952158536
1786,0.057268863001641954,0.018933741331588,0.003072165630555702,3.101469943258692e-08,0.0072000000000000015,-0.0,0.0024479081069117754,0.0,5.284334329487203e-05,-0.001393018542433997,0.0006875470995165176,-0.008260461171177394,-0.4872575238005176,-0.06896796177454112,0.08000961981459687,-0.5562254855750588,-0.47621586576046193
1787,0.058851899263082,0.019453925216067043,0.0031573656049241504,3.187621886126451e-08,0.0074,-0.0,0.0025151617112364895,0.0,-0.00036259952013423594,-0.0019709570926441673,0.0009867260508660684,-0.00848991842593232,-0.09613776148013498,-0.05527064732141612,0.0815416346836839,-0.1514084088015511,-0.0698667741178672
1788,0.06043451881486626,0.01997380449389017,0.0032425581320025204,3.27377382899698e-08,0.0076,-0.0,0.0025823759335347266,0.0,-0.0014963465094450547,-0.0034541943744652976,0.001777010073298843,-0.008719375680687248,0.0885310651741068,0.01334072963170888,0.0819403836207332,0.10187179480581568,0.1838121784265489
1789,0.06201672189548407,0.020493379655723093,0.0033277432125784004,3.359925771864738e-08,0.0078,-0.0,0.002649550837243741,0.0,-0.0009245344120041854,-0.0026215848928016795,0.0012407459152194602,-0.008948832935442175,0.1529858926017705,0.09348093959264638,0.08503322287525845,0.2464668321944169,0.33150005506967534
1790,0.06359850874322696,0.02101265119088595,0.003412920847438935,3.446077714732496e-08,0.008,-0.0,0.002716686485626821,0.0,-0.0010065827231564468,-0.0027509981301955234,0.001338966929436107,-0.009178290190197103,0.1747471382296157,0.12065716029577138,0.08714389761384288,0.2954042985253871,0.38254819613922997
1791,0.06517987959617663,0.021531619587358556,0.0034980910373712234,3.5322296576002546e-08,0.0082,-0.0,0.002783782941773967,0.0,-0.0002330693529589735,-0.0020871704095150358,0.0008444749268281691,-0.00940774744495203,0.18206199111341248,0.10655423060827136,0.09030989620437908,0.28861622172168383,0.3789261179260629
1792,0.06676083469221253,0.022050285331785244,0.0035832537831627194,3.6183816004680124e-08,0.008400000000000001,-0.0,0.002850840268602517,0.0,6.752682022972967e-05,-0.001924468138750772,0.0007214164147636378,-0.009637204699706957,0.184519353267332,0.08837954799108387,0.09287252065611466,0.27289890125841587,0.36577142191453055
1793,0.06834137426900595,0.022568648909480297,0.0036684090856000337,3.7045335433385416e-08,0.0086,-0.0,0.002917858528857849,0.0,6.3624411340869325e-06,-0.0018181998883412098,0.0006265823320717051,-0.009866661954461885,0.18534481647704806,0.057599591936396376,0.09504441076868227,0.24294440841344445,0.3379888191821267
1794,0.06992149856402642,0.023086710804433332,0.003753556945470132,3.7906854862063e-08,0.0088,-0.0,0.00298483778511408,0.0,-0.0013431163721410039,-0.00336466271219535,0.0013096135228886023,-0.010096119209216815,0.18562210038833984,0.02173384486608388,0.09505235723523428,0.20735594525442372,0.302408302489658
1795,0.07150120781454307,0.023604471499313488,0.0038386973635591375,3.876837429074058e-08,0.009000000000000001,-0.0,0.0030517780997746003,0.0,-0.0007291074859993342,-0.002827311228249587,0.0011842970564742632,-0.01032557646397174,0.18571524277301074,-0.016159978376103615,0.09829849542381817,0.16955526439690713,0.2678537598207253
1796,0.073080502257614,0.024121931475475297,0.003923830340653924,3.962989371941816e-08,0.0092,-0.0,0.0031186795350728416,0.0,-0.0003301051936922157,-0.0021402921833176755,0.0006254533548967988,-0.010555033718726667,0.056138903072538514,-0.05002885044641611,0.10104500549787003,0.006110052626122402,0.10715505812399242
1797,0.07465938213009861,0.024639091212963496,0.004008955877540526,4.049141314809574e-08,0.0094,-0.0,0.0031855421530728916,0.0,-0.0008329334889968683,-0.0033248683943771684,0.0013062265913638882,-0.010784490973481596,-0.04279485298025665,-0.0750677908761036,0.10225694559959693,-0.11786264385636025,-0.01560569825676332
1798,0.07623784766865058,0.02515595119051765,0.004094073975004533,4.135293257680103e-08,0.0096,-0.0,0.003252366015670096,0.0,-0.001234186085234571,-0.004064131437715596,0.0015387958893941097,-0.011013948228236524,0.057545267787991024,-0.08729865025110363,0.10356681034098286,-0.029753382463112606,0.07381342787787026
1799,0.0778158991097253,0.025672511885577603,0.004179184633832686,4.221445200547862e-08,0.0098,-0.0,0.0033191511845917627,0.0,-0.0010768367122026591,-0.003676332332396652,0.001236230006519845,-0.011243405482991452,0.14035414546167346,-0.08477135532922861,0.10602644450710845,0.055582790132444854,0.1616092346395533
1800,0.07939353668956815,0.026188773774288326,0.004264287854810086,4.3075971434156196e-08,0.01,-0.0,0.003385897721397786,0.0,-0.0015133101103053624,-0.004292765877928361,0.001334451020736492,-0.011477676635976335,0.17040288697636866,-0.06656547154016611,0.10728323751256222,0.10383741543620255,0.21112065294876475
1801,0.08097076064422665,0.02670473733150464,0.004349383638722187,4.393749086283378e-08,0.0102,-0.0,0.0034526056874812604,0.0,-0.0011366046749926133,-0.004123780038420595,0.0013728362446832226,-0.011716461343221,0.1805980962819972,-0.03669034946985362,0.1100735214274746,0.14390774681214358,0.2539812682396182
1802,0.08254757120954596,0.027220403030796297,0.004434471986354801,4.4799010291511365e-08,0.0104,-0.0,0.003519275144069136,0.0,-0.001324572839542383,-0.004769754578511556,0.0011842970564742632,-0.011955246050465669,0.18402739824539616,-0.008546892438603617,0.11125648975773114,0.17548050580679253,0.2867369955645237
1803,0.08412396862116422,0.027735771344452976,0.004519552898492893,4.5660529720216656e-08,0.0106,-0.0,0.003585906152222865,0.0,-0.0008285753217619832,-0.003914995004766371,0.0009280192377710635,-0.012194030757710339,0.18517955647392584,0.008613752092646379,0.11455566283039506,0.19379330856657223,0.30834897139696726
1804,0.08569995311452497,0.028250842743488724,0.004604626375921387,4.6522049148894234e-08,0.0108,-0.0,0.003652498772838975,0.0,-0.0005050874723907216,-0.004180111694800338,0.0011233322890294457,-0.012432815464955007,0.1855665834344882,0.010891437639521379,0.11701328518570656,0.1964580210740096,0.31347130625971614
1805,0.08727552492486515,0.02876561769764706,0.0046896924194251574,4.7383568577571826e-08,0.011,-0.0,0.003719053066649729,0.0,-0.0012924411187950381,-0.004809493788716289,0.0013231612489874483,-0.012671600172199671,0.18569659271698705,0.0023423165457713817,0.11799956166143216,0.18803890926275843,0.30603847092419056
1806,0.08885068428722268,0.029280096675406087,0.004774751029789041,4.8245088006249404e-08,0.0112,-0.0,0.003785569094223788,0.0,-0.001048656657356862,-0.004918768807649929,0.001411221468629958,-0.01291038487944434,0.18574025872045344,-0.012135027204228616,0.12042456045590838,0.1736052315162248,0.2940297919721332
1807,0.09042543143642935,0.029794280143982565,0.004859802207797425,4.910660743492699e-08,0.0114,-0.0,0.003852046915966735,0.0,-0.0013654426075094504,-0.005560942000093717,0.0016042765655385376,-0.01314916958668901,0.1857549291426783,-0.03218178013391612,0.12186033218202989,0.15357314900876218,0.2754334811907921
1808,0.0919997666071233,0.030308168569337268,0.004944845954234655,4.996812686363228e-08,0.0116,-0.0,0.00391848659212177,0.0,-0.0024301739825068787,-0.006744945864496279,0.0024171401314693943,-0.013387954293933675,0.1857598571570931,-0.05383539341516611,0.12262538368147642,0.13192446374192698,0.2545498474234034
1809,0.09357369003373815,0.030821762416179566,0.0050298822698850295,5.082964629230986e-08,0.0118,-0.0,0.0039848881827703,0.0,-0.0019650144313325506,-0.006000966340544979,0.0019147452886371268,-0.013626739001178344,-3.3656881341863514,-0.0733517264229786,0.12553229924780063,-3.4390398606093298,-3.3135075613615292
1810,0.0951472019505046,0.03133506214797193,0.00511491115553201,5.169116572098744e-08,0.012,-0.0,0.004051251747832525,0.0,-0.0021134153338070484,-0.0063680625861661025,0.0020513515268005093,-0.013865523708423014,-2.313830028435405,-0.0867682303292286,0.12735282859141114,-2.4005982587646337,-2.2732454301732226
1811,0.09672030259145666,0.03184806822693498,0.005199932611960203,5.255268514966503e-08,0.0122,-0.0,0.004117577347068085,0.0,-0.0015318624410979968,-0.006020812685578964,0.0017465276895764369,-0.014104308415667684,-0.7123016214302859,-0.09146400669641612,0.13017547747733685,-0.8037656281267019,-0.6735901506493651
1812,0.09829299219042575,0.032360781114051856,0.005284946639952979,5.3414204578342605e-08,0.0124,-0.0,0.004183865040076632,0.0,-0.0010901490071408178,-0.005729695090685264,0.001469928281724968,-0.014343093122912352,-0.11856299687933905,-0.0861910086495411,0.13282962945969834,-0.20475400552888015,-0.07192437606918181
1813,0.09986527098104836,0.03287320126907296,0.005369953240293262,5.42757240070479e-08,0.0126,-0.0,0.0042501148862984384,0.0,-0.0013538470848259397,-0.00590834506843684,0.0015150873687211264,-0.014581877830157016,0.08341540584179588,-0.07051241978235362,0.13462961203773835,0.012902986059442262,0.1475325980971806
1814,0.10143713919675398,0.03338532915052064,0.0054549524137655295,5.513724343572548e-08,0.0128,-0.0,0.004316326945015002,0.0,-0.002665812400784791,-0.007521424775701766,0.002187957764963887,-0.014820662537401686,0.1513774178324831,-0.04960763462610361,0.13457386089437423,0.10176978320637949,0.2363436441007537
1815,0.10300859707077757,0.03389716521569381,0.00553994416115182,5.599876286440306e-08,0.013,-0.0,0.004382501275349646,0.0,-0.002170513909214907,-0.007313319069729841,0.002139411746443019,-0.015059447244646355,-3.3418049013197435,-0.030637322126103612,0.13742439524458766,-3.372442223445847,-3.2350178282012596
1816,0.10457964483615245,0.03440870992067227,0.005624928483235721,5.6860282293080644e-08,0.0132,-0.0,0.00444863793626808,0.0,-0.002114781675085945,-0.007534636434149257,0.001842490749443276,-0.015383422300234258,-4.328813791919775,-0.01903048618860361,0.13907162837658463,-4.347844278108379,-4.208772649731794
1817,0.1061502827257178,0.03491996372032185,0.00570990538080038,5.772180172175822e-08,0.0134,-0.0,0.004514736986579056,0.0,-0.0023057369079833544,-0.008274222248710359,0.0022398907150094683,-0.01575426459288157,-1.519519756284862,-0.017283220563603617,0.140600613500655,-1.5368029768484655,-1.3962023633478104
1818,0.10772051097210683,0.035430927068297965,0.005794874854627303,5.8583321150463514e-08,0.0136,-0.0,0.004580798484934839,0.0,-0.002971507265105599,-0.009306783453039308,0.0026835787447467307,-0.01612510688552888,-0.39544551956287705,-0.02463109654016612,0.14140735110436103,-0.42007661610304314,-0.2786692649986821
1819,0.10929032980775907,0.03594160041705147,0.005879836905500344,5.94448405791411e-08,0.013800000000000002,-0.0,0.004646822489831955,0.0,-0.0025882825749872183,-0.008551431732027902,0.0023290799118268844,-0.01649594917817619,-0.009852951526022849,-0.038031999860478616,0.14425206549161898,-0.047884951386501465,0.09636711410511752
1820,0.11085973946491567,0.03645198421783178,0.005964791534200523,6.030636000781868e-08,0.013999999999999999,-0.0,0.004712809059611599,0.0,-0.0031907138990483336,-0.0092012650063257,0.0025198770543856564,-0.0168667914708235,0.12003571660703966,-0.055348650251103616,0.14525049126110773,0.06468706635593605,0.20993755761704377
1821,0.112428740175615,0.036962078920692316,0.006049738741510806,6.116787943649627e-08,0.0142,-0.0,0.004778758252460339,0.0,-0.0029538963231469095,-0.009395806336886773,0.002660999201248649,-0.01723763376347081,0.06037517262922151,-0.07194767368860361,0.14749304003590202,-0.011572501059382095,0.13592053897651993
1822,0.11399733217170471,0.037471884974494614,0.006134678528213319,6.202939886517385e-08,0.0144,-0.0,0.004844670126410646,0.0,-0.002914967837823166,-0.009178181422544451,0.0023110162770284227,-0.017608476056118122,0.0654325060086605,-0.08336730259485363,0.14945801879076484,-0.017934796586193125,0.13152322220457172
1823,0.11556551568483005,0.03798140282691256,0.006219610895088948,6.289091829387914e-08,0.0146,-0.0,0.0049105447393414416,0.0,-0.0024836389241568863,-0.009184776784345459,0.0020852208420476296,-0.01797931834876543,-0.2700677190301451,-0.08576979282922861,0.15171462382187118,-0.35583751185937373,-0.20412288803750256
1824,0.11713329094644133,0.03849063292443708,0.006304535842920129,6.375243772255673e-08,0.0148,-0.0,0.004976382148978705,0.0,-0.0023072809209601607,-0.009623274735448488,0.002405850359720356,-0.01835494449791473,-0.02966138430388376,-0.07414735630579111,0.15382525582061193,-0.10380874060967488,0.05001651521093706
1825,0.11870065818778675,0.038999575712380524,0.006389453372488055,6.46139571512343e-08,0.015,-0.0,0.00504218241289604,0.0,-0.002966193654577752,-0.010453607555708072,0.002539069666359024,-0.0187628709494922,0.11056506113548577,-0.04420983189172861,0.1544883318060895,0.06635522924375716,0.22084356104984665
1826,0.12026761763992487,0.03950823163488087,0.006474363484574277,6.547547657991188e-08,0.0152,-0.0,0.005107945588515217,0.0,-0.0026193274058912107,-0.010249380645537582,0.0025198770543856564,-0.019170797401069677,0.16037395519074635,-0.010824577985478616,0.157038595425259,0.14954937720526773,0.30658797263052673
1827,0.12183416953371387,0.040016601134906196,0.0065592661799595015,6.633699600858946e-08,0.0154,-0.0,0.005173671733106752,0.0,-0.0029672950030201935,-0.011372133937975256,0.0028055082796363557,-0.01957872385264715,0.17722825483510965,0.013574738420771379,0.1578711304046761,0.19080299325588101,0.3486741236605571
1828,0.12340031409981303,0.040524684654258916,0.006644161459424792,6.719851543729475e-08,0.0156,-0.0,0.005239360903790456,0.0,-0.00422166586047391,-0.013075355449464868,0.003646596274939811,-0.019986650304224626,0.18289538758840385,0.02098501674108388,0.1577715129765791,0.20388040432948773,0.36165191730606683
1829,0.12496605156868888,0.04103248263358013,0.006729049323751163,6.806003486597235e-08,0.0158,-0.0,0.0053050131575359954,0.0,-0.0037550255336477913,-0.012395058194560812,0.00317919972452957,-0.020394576755802106,0.18479929364776207,0.01195227748327138,0.16046720398410988,0.19675157113103345,0.3572187751151433
1830,0.12653138217060958,0.04153999551235383,0.006813929773719189,6.892155429464992e-08,0.016,-0.0,0.005370628551163435,0.0,-0.004341340197501636,-0.0159526670981069,0.003447896292156715,-0.020802503207379582,0.1854388472573092,-0.007782463727666117,0.1586073907185689,0.17765638352964308,0.33626377424821197
1831,0.1280963061356522,0.042047223728911495,0.006898802810109004,6.97830737233275e-08,0.0162,-0.0,0.005436207141343835,0.0,-0.0034647176489752095,-0.014483835229501146,0.002974854855871952,-0.021210429658957055,-2.2447406013527207,-0.03433466099329111,0.16249448191752883,-2.2790752623460118,-2.116580780428483
1832,0.12966082369369097,0.04255416772043586,0.006983668433701489,7.064459315200509e-08,0.0164,-0.0,0.005501748984599736,0.0,-0.003228089524313346,-0.014470711334644976,0.002891310544929058,-0.021652683906249543,-1.4987682109213591,-0.059451604352666124,0.16464030525674236,-1.5582198152740252,-1.3935795100172828
1833,0.13122493507440947,0.0430608279229651,0.007068526645276289,7.150611258071038e-08,0.0166,-0.0,0.0055672541373057,0.0,-0.0035091324560315267,-0.014906992293705878,0.0029263088373510846,-0.02214928975776249,-0.4194845439142279,-0.07502098911829111,0.16588250961592038,-0.494505533032519,-0.3286230234165986
1834,0.132788640507295,0.04356720477139805,0.007153377445613801,7.236763200938796e-08,0.016800000000000002,-0.0,0.0056327226556889855,0.0,-0.004660393053103912,-0.016457100526511007,0.003551762192247878,-0.022645895609275435,-0.01933718178498213,-0.07247809361047862,0.16573039075098536,-0.09181527539546075,0.07391511535552461
1835,0.1343519402216398,0.04407329869949671,0.00723822083549318,7.322915143806554e-08,0.017,-0.0,0.005698154595829874,0.0,-0.0040565146045683405,-0.016355578349242898,0.0034738627671795056,-0.023142501460788382,-1.6633625299236003,-0.03912404087610361,0.16828095593419085,-1.702486570799704,-1.534205614865513
1836,0.13591483444654145,0.044579110139892075,0.007323056815694336,7.409067086674312e-08,0.0172,-0.0,0.00576355001366242,0.0,-0.004423213134687718,-0.01847566572557153,0.0034591860639057535,-0.02363910731230133,-1.0677252796589791,0.01989297572545888,0.16770182539780631,-1.0478323039335202,-0.8801304785357139
1837,0.13747732341090288,0.045084639524087,0.007407885386996736,7.495219029542071e-08,0.017400000000000002,-0.0,0.005828908964974822,0.0,-0.0045543735384448066,-0.018965812849356504,0.0038656178468711813,-0.02413571316381428,-0.2640591208376881,0.06382422572545889,0.16940855053440732,-0.20023489511222925,-0.030826344577821935
1838,0.139039407343434,0.045589887282461376,0.007492706550179801,7.5813709724126e-08,0.0176,-0.0,0.005894231505410094,0.0,-0.005179401442307271,-0.02038267543557867,0.004284468378760555,-0.02463231901532723,0.03335501919910246,0.07564946986608387,0.16970638098074242,0.10900448906518634,0.27871087004592876
1839,0.14060108647264585,0.04609485384427496,0.007577520306022509,7.667522915280358e-08,0.0178,-0.0,0.005959517690466429,0.0,-0.004983765015316607,-0.02043161093422078,0.004005611016559273,-0.025128924866840176,0.13450763436493787,0.061967755998896375,0.17149436518882066,0.19647539036383424,0.3679697555526549
1840,0.14216236102686272,0.04659953963767312,0.007662326655303797,7.753674858148116e-08,0.018000000000000002,-0.0,0.006024767575497944,0.0,-0.005266857287438056,-0.021442430695881188,0.0039073900023426315,-0.025625530718353124,0.16854263071970732,0.03953411342077138,0.17202164373275644,0.2080767441404787,0.38009838787323513
1841,0.14372323123421046,0.047103945089689195,0.007747125598802555,7.839826801015875e-08,0.0182,-0.0,0.006089981215714983,0.0,-0.005590432149139273,-0.02281362189585301,0.004433493365847877,-0.02614502320240286,0.17997793561545353,0.006741681780146382,0.172748777655138,0.18671961739559992,0.3594683950507379
1842,0.14528369732262397,0.04760807062624981,0.00783191713729723,7.925978743883633e-08,0.0184,-0.0,0.0061551586661848035,0.0,-0.0055701805935921105,-0.023308241072354168,0.003967225792612537,-0.02668892525671968,0.18381929631950947,-0.028110027204228616,0.17367880188208984,0.15570926911528085,0.32938807099737066
1843,0.14684375951984122,0.048111916672178394,0.007916701271566224,8.012130686754162e-08,0.0186,-0.0,0.006220299981832035,0.0,-0.0049838545323370904,-0.023249679995425564,0.0035370854889741257,-0.027232827311036496,0.18510965928096967,-0.058437566266728615,0.17576348121689972,0.12667209301424107,0.30243557423114076
1844,0.1484034180534096,0.04861548365119892,0.008001478002388297,8.09828262962192e-08,0.0188,-0.0,0.006285405217439162,0.0,-0.005036180399560119,-0.02525190275889182,0.003906261025167725,-0.027776729365353314,0.1855430999305122,-0.07697106236047861,0.17594731440862477,0.1085720375700336,0.28451935197865835
1845,0.1499626731506874,0.04911877198594066,0.008086247330540967,8.184434572489677e-08,0.019,-0.0,0.006350474427647132,0.0,-0.006039182879444067,-0.028131474218491992,0.00421785872544122,-0.02832063141967013,0.18568870533529727,-0.0782191092354786,0.1742448189469969,0.10746959609981867,0.28171441504681555
1846,0.151521525038833,0.04962178209794125,0.008171009256802104,8.270586515357437e-08,0.0192,-0.0,0.0064155076669557606,0.0,-0.0056122250084582985,-0.027872379082541966,0.004215600771091413,-0.028864533473986948,0.003535562113167848,-0.06584784458704111,0.17679636997250145,-0.062312282473873264,0.11448408749862818
1847,0.15307997394481737,0.050124514407651574,0.008255763781950332,8.356738458225194e-08,0.0194,-0.0,0.0064805049897243595,0.0,-0.006369506593941306,-0.030518595154154674,0.004778960381368493,-0.029408435528303765,0.05986150819062035,-0.05350778111047861,0.175823263796497,0.006353727080141737,0.18217699087663872
1848,0.15463802009541686,0.05062696933443872,0.008340510906762242,8.442890401095724e-08,0.0196,-0.0,0.006545466450172117,0.0,-0.007427408875602958,-0.03213601148650237,0.005414574530839424,-0.029952337582620583,0.14052998907092631,-0.04113651646204111,0.1756498678018075,0.0993934726088852,0.27504334041069267
1849,0.1561956637172207,0.051129147296590835,0.008425250632015971,8.529042343963481e-08,0.0198,-0.0,0.006610392102378727,0.0,-0.007190015958271064,-0.03279388202086276,0.005132330237113433,-0.030553011590936513,0.1704345774563485,-0.028765251813603614,0.17675595970567282,0.14166932564274487,0.3184252853484177
1850,0.1577529050366192,0.05163104871132035,0.008509982958488415,8.615194286831239e-08,0.019,-0.0,0.006675282000284806,0.0,-0.0075678174841316455,-0.034430307061826426,0.005343448968820473,-0.03125687970329533,0.18074597510251067,-0.01644078892297862,0.1756577495782227,0.16430518617953205,0.3399629357577547
1851,0.1603317049309825,0.05239386383102478,0.008909538148596755,8.874830970707763e-08,0.0192,-0.0,0.006773904944524784,0.0,-0.006671912781663809,-0.03382177961715811,0.0048421831031631125,-0.03196074781565415,0.18431279870175096,-0.021900994001103614,0.17999684349212558,0.16241180470064734,0.34240864819277295
1852,0.16283173645860238,0.05284110954728884,0.009173133575382585,9.167858335998206e-08,0.0194,-0.0,0.006831728509104586,0.0,-0.006318186578334158,-0.03449146213637055,0.004626548462756457,-0.03266461592801298,0.17954033954307605,-0.022712224469853614,0.18223008358900053,0.15682811507322245,0.339058198662223
1853,0.1650584968799267,0.053583095320731786,0.009511255080255347,9.4621355171259e-08,0.0196,-0.0,0.00692765846601141,0.0,-0.006747226142926558,-0.03605774024799894,0.004854601852087057,-0.0333684840403718,0.015887254241176648,-0.03283700474329111,0.18336175178907022,-0.016949750502114464,0.16641200128695574
1854,0.1669346117743066,0.05437668006115744,0.009859466956310686,9.757205215494845e-08,0.0198,-0.0,0.007030259557131656,0.0,-0.008611026498239884,-0.04273380167719528,0.005782621089858116,-0.03407235215273063,-0.014112611956298624,-0.04669032505579111,0.17836655668265083,-0.06080293701208973,0.1175636196705611
1855,0.16842153353848477,0.0553322527610568,0.010234678263500883,1.0053545238671938e-07,0.02,-0.0,0.007153803769438217,1.356368327610176e-10,-0.00792241935383484,-0.04262841909502678,0.005594081901649157,-0.034776220265089454,0.11294859461260336,-0.055223845563603616,0.1814093921912679,0.05772474904899974,0.23913414124026763
1856,0.17016059596295724,0.05620558278817451,0.01061320666429321,1.0351312899221135e-07,0.0202,-0.0,0.007266714979956568,2.3226243268259147e-10,-0.00820274276227188,-0.044746798083395156,0.005369415443843265,-0.03548008837744827,0.12225561148477546,-0.05761073521204111,0.1813859903615009,0.06464487627273435,0.24603086663423526
1857,0.17281177866224728,0.05719279338576524,0.010954265323734065,1.0650665760090082e-07,0.0204,-0.0,0.007394349597053604,4.785242907690843e-10,-0.00883127137774176,-0.04629457493002634,0.006081800041207667,-0.036183956489807094,-0.044823331390134384,-0.05163571079797862,0.18352529119761454,-0.096459042188113,0.08706624900950154
1858,0.17565591106119374,0.058326427710959965,0.01124092722124928,1.095176087057534e-07,0.0206,-0.0,0.007540915064824515,7.666280438891e-10,-0.00930563766696332,-0.04749681487765177,0.0063482386544850035,-0.03688782460216592,0.08628782582640311,-0.03477147739954112,0.18602225285016827,0.051516348426861994,0.23753860127703025
1859,0.17871185748743781,0.05954049578146521,0.011724065202081104,1.125475585625243e-07,0.0208,-0.0,0.007697879661524394,7.860863653793069e-10,-0.009600692367969354,-0.05004618844516578,0.006213890370671433,-0.037591692714524734,0.1535034293269437,-0.02051254185266612,0.18744972830916506,0.13299088747427756,0.32044061578344263
1860,0.18211511308395606,0.06067846666104979,0.012281609142871195,1.1559807842057423e-07,0.021,-0.0,0.007845005794325057,4.906359256353078e-09,-0.010321808723555096,-0.05425186504700324,0.006216148325021241,-0.03829556082688356,0.17676937373971446,-0.009935344587041116,0.18726722891421918,0.16683402915267334,0.3541012580668925
1861,0.185516350823968,0.061916505337512286,0.012916783986196737,1.1867074452670564e-07,0.0212,-0.0,0.008005069505965965,2.053983252383014e-08,-0.010400971903353474,-0.0565484804154174,0.006463394326325211,-0.03899942893924239,0.11623622338672868,-0.01205702427454112,0.19006936193253193,0.10417919911218755,0.29424856104471947
1862,0.18839284713283302,0.06347510139756744,0.013524451466022328,1.307671293837753e-07,0.0214,-0.0,0.008206577483918773,3.8026765886526025e-08,-0.010471817598242877,-0.056709180229116835,0.006218406279371049,-0.0397032970516012,-0.6237998311805185,-0.02431908482141612,0.19433325767464696,-0.6481189160019346,-0.4537856583272877
1863,0.19134545990842608,0.06533143436939597,0.014060616495515451,1.3388880549118522e-07,0.0216,-0.0,0.008446579311940237,4.252969440851472e-08,-0.01024312822141497,-0.059475003633195064,0.0060005136846145845,-0.04040716516396003,-0.2585729087354761,-0.03151095493860361,0.19665948316982212,-0.29008386367407973,-0.09342438050425761
1864,0.19429663858396223,0.0673618552097155,0.01457615345388014,1.3703734534923525e-07,0.0218,-0.0,0.00870908863581954,4.2039241657927056e-08,-0.010646278084881968,-0.06350517187395188,0.006435169896952612,-0.041111033276318855,0.037999846461008915,-0.03856241978235361,0.19791660162176433,-0.0005625733213446976,0.19735402830041965
1865,0.19726565624898784,0.06930054749583564,0.015128715494271115,1.402143327060067e-07,0.022000000000000002,-0.0,0.008959738545992512,5.555747940046757e-08,-0.012113284232220595,-0.06768195762369085,0.007026753936602291,-0.041814901388677675,0.1429288681419851,-0.04424103306360362,0.19807146424891248,0.09868783507838148,0.29675929932729395
1866,0.2001365323830553,0.07133978842724448,0.015708017987946313,1.4342132006277644e-07,0.0228,-0.0,0.009223388203000019,9.234141348795249e-08,-0.011970307336505535,-0.0695851643767061,0.006914985196286798,-0.042518769501036495,0.1744104739671799,-0.04712714146204112,0.20204870674601827,0.1272833325051388,0.32933203925115706
1867,0.2031412671613946,0.07347133682627492,0.016276849901764028,1.556599074204872e-07,0.0236,-0.0,0.009498972120350588,1.0186882032165727e-07,-0.013272822491740919,-0.07507592148829714,0.007487376623963108,-0.043222637613395315,0.18466917521307166,-0.051510906110478615,0.20190467856904162,0.13315826910259304,0.3350629476716347
1868,0.20568102660894189,0.07537594806973924,0.016889479241086247,1.5893164477725762e-07,0.0244,-0.0,0.009745215756076894,1.33422976126153e-07,-0.014526114482671933,-0.07825038615929729,0.008211050993076549,-0.04392650572575414,0.18814866624162901,-0.04172933872766611,0.20360000665581834,0.14641932751396292,0.35001933416978126
1869,0.20764066490481414,0.07705858795264177,0.017474967786462056,1.622381196333909e-07,0.0252,-0.0,0.009962761128554248,1.666122220348771e-07,-0.014471563464347453,-0.08203964942978839,0.007758331145940061,-0.04497175592064998,0.1894123650346563,-0.023882268415166115,0.20361267295396815,0.1655300966194902,0.3691427695734584
1870,0.20979266878033923,0.07840199593102178,0.018023287655910086,1.65580906990801e-07,0.026,-0.0,0.010136447840735106,2.2459286814133293e-07,-0.015375088329257363,-0.08498451770547462,0.00827991860074569,-0.046232618783436236,0.189950840385198,-0.02249381626672861,0.2040424841643588,0.16745702411846938,0.3714995082828282
1871,0.21211739679622857,0.07930770632107437,0.018652666938773835,1.7796156934659203e-07,0.0268,-0.0,0.01025354544799063,2.539107481845005e-07,-0.015217971665931241,-0.08891135278143021,0.007902840224327768,-0.047493481646222496,0.19025039687154102,-0.011729411969853616,0.20341178150712877,0.1785209849016874,0.3819327664088162
1872,0.21503894560133632,0.08002717379682085,0.01925492299821861,1.8138169420463713e-07,0.0276,-0.0,0.010346564056183028,3.129290039411179e-07,-0.015657573097407843,-0.09602938001790118,0.007603661272978217,-0.04875434450900874,0.18883431574024787,-0.017408025251103618,0.19943046441191742,0.17142629048914426,0.3708567549010617
1873,0.21846008412189513,0.08056861821012946,0.019846942717495868,1.8484284406141296e-07,0.0284,-0.0,0.010416566394631002,5.428901021218392e-07,-0.017588992147998184,-0.10277060574489041,0.008397332226935705,-0.050015207371795,-0.0158300305583035,-0.027064787946416115,0.19571546613934976,-0.042894818504719615,0.15282064763463016
1874,0.22197558384319624,0.0815268794690651,0.02041819952129725,1.973465939210411e-07,0.0292,-0.0,0.010540458205721425,6.617596516655203e-07,-0.017892238693616797,-0.10002070798731294,0.008696511178285255,-0.05127607023458124,0.10137566545666454,-0.03544230259485361,0.20316947440829985,0.06593336286181092,0.26910283727011075
1875,0.22604712178028963,0.0824824328181221,0.02099932080704424,2.0089451877589205e-07,0.03,-0.0,0.010663999916193666,6.657784831847371e-07,-0.017822047267242482,-0.10514639379750364,0.008305885075768482,-0.0525369330973675,0.11898633163405398,-0.05104288853235362,0.20299425290830647,0.06794344310170036,0.27093769601000683
1876,0.2300967551202404,0.08328676832301882,0.02151633644003917,2.1348819363359719e-07,0.03,-0.0,0.010767990953603096,8.246781678381771e-07,-0.018760064175810224,-0.10778082462376329,0.008414266884559264,-0.05379779596015376,0.13010732358702753,-0.058187956891728614,0.20374447112809496,0.07191936669529891,0.2756638378233939
1877,0.2342014143866354,0.084165990301035,0.021962385920578177,2.171291934903745e-07,0.03,-0.0,0.010881663923465113,1.2481542860079021e-06,-0.01940124521596363,-0.11143755149168354,0.008848923096897292,-0.05504429988349307,0.1696072468545434,-0.06275892857141611,0.20417874632095018,0.10684831828312728,0.3110270646040775
1878,0.23847608006912743,0.0851834149365746,0.02243846552671674,2.298190808474412e-07,0.03,-0.0,0.011013204857181895,1.532173941857218e-06,-0.019889551335100213,-0.1127402102574718,0.009113103755824817,-0.056156826594968116,0.1844107426763875,-0.06842194126672861,0.20743944295090794,0.11598880140965888,0.32342824436056683
1879,0.24249825322302893,0.08642205319574386,0.022890643681431556,2.3355944320421086e-07,0.03,-0.0,0.011173346087752792,2.121252676385328e-06,-0.02146674986530633,-0.12011903022889794,0.009387445209326483,-0.057269353306443144,0.18865930412898813,-0.06723629673547861,0.20351896280875584,0.12142300739350952,0.32494197020226534
1880,0.2469204870692621,0.08781447665245366,0.023345869970304908,2.463518555606417e-07,0.03,-0.0,0.01135336991971713,2.763200127524828e-06,-0.02321107909107425,-0.1325385488785537,0.00929599805815926,-0.05838188001791818,0.15238702978073307,-0.05332057407922861,0.19460170323433407,0.09906645570150446,0.29366815893583853
1881,0.2516845343574113,0.0891329282474734,0.02372361980105355,2.501978804180519e-07,0.03,-0.0,0.011523830067634916,3.3717146278701075e-06,-0.02394072245781356,-0.1377579442762382,0.009766781540094215,-0.05949440672939322,0.14804251864424234,-0.03396024693079112,0.1946422424627307,0.11408227171345123,0.30872451417618196
1882,0.256732020009539,0.09043680233352912,0.024111330465223915,2.6309909277639994e-07,0.03,-0.0,0.011692405516604581,3.9442510650601465e-06,-0.024767758437023623,-0.14422682849524796,0.009556791785562077,-0.06060693344086825,0.1874362016564929,-0.03809440220422861,0.1929320370874767,0.1493417994522643,0.34227383653974097
1883,0.2610483024534522,0.09178899865528897,0.024475372369796963,2.760570551321921e-07,0.03,-0.0,0.011867228457311493,3.6943833738750904e-06,-0.02525152214180369,-0.15166882956353417,0.009260999765737236,-0.06171946015234329,-0.3245940535795368,-0.04105851353235362,0.18980506028433472,-0.3656525671118904,-0.1758475068275557
1884,0.2654571032120346,0.09324960464647648,0.02483582721212309,2.890733674892678e-07,0.03,-0.0,0.012056067482003711,4.513308564176974e-06,-0.02616635958410565,-0.15472489612342236,0.009939515047854524,-0.06283198686381833,-1.8150618607595548,-0.017860442243291114,0.19181967741107767,-1.8329223030028459,-1.6411026255917682
1885,0.27055046652906006,0.09489837922445002,0.02518251150258806,2.9314967984730463e-07,0.03,-0.0,0.012269234472362767,5.112947614956316e-06,-0.02677937520808279,-0.15620089032212586,0.010046767879470396,-0.06394451357529336,-0.6420197136906102,-0.03233778599329112,0.19602798659972415,-0.6743574996839012,-0.4783295130841771
1886,0.27598315680870733,0.09650837752265957,0.02549550586754836,3.0628736720246507e-07,0.0315,-0.0,0.012477388149825666,6.18007081809695e-06,-0.026837467216762858,-0.15786067719650926,0.010186761049158492,-0.06519373004483153,-0.0852453820278208,-0.048765202985478616,0.20226580129798105,-0.1340105850132994,0.06825521628468165
1887,0.2816206176116419,0.09827539565933378,0.025875403147827627,3.194881795608192e-07,0.033,-0.0,0.01270584262937475,7.226795929451336e-06,-0.028370907876892757,-0.16505300156188651,0.010689155891990754,-0.06654164466411291,-0.025019474885791315,-0.058889983258916125,0.20220840712138569,-0.08390945814470743,0.11829894897667825
1888,0.2879197084761069,0.09998183119572446,0.02617125473884353,3.327534919198064e-07,0.0345,-0.0,0.012926464497514677,7.971265837536509e-06,-0.03165411538238827,-0.18127190162600335,0.011579918882989985,-0.06788955928339428,0.13500730253153945,-0.06285253208704111,0.19227190551872303,0.07215477044449833,0.26442667596322134
1889,0.2942311329424238,0.10181982346490105,0.026554143909997,3.4608517927429694e-07,0.036000000000000004,-0.0,0.013164095090294155,9.407930776898046e-06,-0.03138529480841856,-0.18116844688439412,0.011367671174108038,-0.06923747390267565,0.1858189092422608,-0.06427218540735362,0.2013554050021919,0.12154672383490718,0.32290212883709907
1890,0.3004411065605323,0.10365288937557265,0.026839586732753044,3.594844916320297e-07,0.037500000000000006,-0.0,0.01340108876336977,1.2044154740427213e-05,-0.034210469494627985,-0.1964077413114179,0.011982963734430698,-0.07058538852195702,0.07030158718899164,-0.060808855329228625,0.1926264394778877,0.009492731859763015,0.20211917133765073
1891,0.30689163563457256,0.1055143274747442,0.027098040274825496,3.729624013964601e-07,0.039000000000000014,-0.0,0.013641750623784777,1.506997248862152e-05,-0.03474036304319825,-0.20456003897016048,0.011599111494963354,-0.0719333031412384,-0.1023137574833239,-0.03539550083704111,0.19252660328318327,-0.137709258320365,0.05481734496281826
1892,0.31320239453888915,0.10770295707808213,0.02742651941034066,3.8657751911303905e-07,0.0405,-0.0,0.013924714463588575,1.56368137107787e-05,-0.03507030133845809,-0.20838087912182404,0.01143315185025247,-0.07328121776051977,0.07763085595364166,-0.014475115094853616,0.19747336251158093,0.06315574085878804,0.260629103370369
1893,0.3187294885734514,0.10981411135400863,0.02781200504030954,4.0029715209452586e-07,0.042,-0.0,0.014197661662796377,1.7542790925731853e-05,-0.0353811400150066,-0.2071433686533876,0.01160136944931316,-0.07462913237980115,0.1864156024276895,0.0019679024832713822,0.20701893811976166,0.1883835049109609,0.3954024430307226
1894,0.32432713054550494,0.11161829192886262,0.028274775038710585,4.1413582575193923e-07,0.0435,-0.0,0.014430920804672877,1.7407743951469535e-05,-0.037809319505270056,-0.21503113478877386,0.01250116425771162,-0.07597704699908252,0.19284299907478186,0.021765046037958882,0.20585260316211346,0.21460804511274073,0.4204606482748542
1895,0.32942768022402236,0.11316228772502648,0.028761129556661054,4.370964852666152e-07,0.045,-0.0,0.014630541141735452,2.19196774129433e-05,-0.039299375363845715,-0.2267292629462862,0.012626480724125963,-0.07728033747142447,0.1930910447676056,0.0030287423270213823,0.20032150036391316,0.196119787094627,0.3964412874585401
1896,0.33448634659636906,0.11402817611994882,0.02913415546220386,4.5118168890076515e-07,0.0454,-0.0,0.014742490237505287,2.4084535414354127e-05,-0.04004612104681299,-0.23320003342560328,0.01211392508671956,-0.07856237646782513,0.19318346141929987,-0.022587419782353617,0.19812109827960842,0.17059604163694625,0.36871713991655464
1897,0.339446324309056,0.11486966907587605,0.02952049842582798,4.6539438183889717e-07,0.0458,-0.0,0.014851285292462903,2.6729964874893583e-05,-0.042548814893910464,-0.24458142026705304,0.013219193740950543,-0.07984441546422576,0.19322441190367687,-0.03903043736047861,0.19075951557824095,0.15419397454319825,0.34495349012143917
1898,0.34491176753071595,0.11640598681493161,0.029905895663509815,4.887372537150601e-07,0.046200000000000005,-0.0,0.015049912947840884,2.8871880868142983e-05,-0.0446757834292342,-0.2573667262908177,0.013537565304273464,-0.0811264544606264,0.19324438193560026,-0.04673712681360361,0.18287152469871543,0.14650725512199664,0.32937877982071206
1899,0.3510884494003779,0.11823113131337944,0.030401238832763716,5.032129969450245e-07,0.0466,-0.0,0.01528588247630286,3.14323824186252e-05,-0.04910338447944938,-0.27863547230886004,0.014202532860291899,-0.08240849345702704,0.1932520396033143,-0.055910271344853615,0.16569382023319496,0.13734176825846067,0.3030355884916556
1900,0.35780493840694894,0.12005666982196173,0.030899688034821977,5.26814961984751e-07,0.047,-0.0,0.015521902945600326,3.682044208704257e-05,-0.05136459649539782,-0.2915407217377409,0.014270271490786138,-0.08385968995663869,0.19324967713848945,-0.061214470563603615,0.1588258097673908,0.13203520657488582,0.2908610163422766
1901,0.36370501280511863,0.12186589418549292,0.031441471908317885,5.422911393539058e-07,0.0474,-1.6200994326455626e-12,0.015755814189508655,4.230550448917634e-05,-0.05298254427591266,-0.30219639679078547,0.014509614651865779,-0.08579737819029178,0.1931616844954455,-0.0702628104073536,0.15374433627732237,0.12289887408809189,0.2766432103654143
1902,0.36933556600690415,0.12405043852993254,0.032280132636542634,8.059262810939878e-07,0.0478,-0.0,0.016038249853808157,4.6108345606123025e-05,-0.05446797246695177,-0.3102519470465528,0.014492679994242218,-0.08773506642394488,0.09059743996435048,-0.0681099295479786,0.1515889953558674,0.02248751041637187,0.17407650577223927
1903,0.37516706014882484,0.12629677815478255,0.03327521530973922,1.1100136583077389e-06,0.048200000000000014,-3.9281012086797084e-12,0.016328674914668873,4.823200596088331e-05,-0.0584807549132248,-0.33327148173927623,0.014581869191059634,-0.08967275465759794,-0.7087274740337839,-0.049794841657353615,0.1324739484246673,-0.7585223156911375,-0.6260483672664702
1904,0.3804490252180965,0.12924590941153485,0.03420521059864229,1.4316601525614008e-06,0.0486,-0.0,0.01670996259497043,5.487634893161792e-05,-0.06074213445092645,-0.33881501857758234,0.015425215140712897,-0.09161044289125105,-0.26430883974577096,-0.016503191266728615,0.13352403505328125,-0.2808120310124996,-0.14728799595921832
1905,0.38638238197521785,0.1321850139956528,0.035124456750587695,1.8255744823509278e-06,0.049,-8.473388486054445e-12,0.017089953945466,5.41712046652279e-05,-0.06479157903032173,-0.3584651471872616,0.016116149171754125,-0.09354813112490414,0.07758312468608113,-0.03118334263391612,0.11914909526686533,0.04639978205216501,0.16554887731903034
1906,0.39302134281006046,0.13529120396846434,0.036049388611744344,2.353607026709938e-06,0.0512,-0.0,0.01749154745426544,5.65698314870438e-05,-0.06774068003788512,-0.3740214313676051,0.016387103693731076,-0.09545551104287764,0.17494042863794804,-0.007174040876103617,0.11228188752841156,0.1677663877618444,0.280048275290256
1907,0.4008308887575419,0.13861435931544566,0.03704318905744187,3.0700498505089317e-06,0.0534,-1.782555468008061e-11,0.017921192011668956,6.926521030316146e-05,-0.07569576327528181,-0.4082284651179911,0.01780058311671084,-0.09692403030316216,0.062031619541395626,-0.020153728376103616,0.08483428880470234,0.04187789116529201,0.12671217996999434
1908,0.40833125709072365,0.1413056028929673,0.038167035805164055,3.9932678350087616e-06,0.0556,-0.0,0.018269137874861806,7.551867284483095e-05,-0.0730103385617661,-0.3929748215463694,0.017816388797159494,-0.09839254956344667,0.12577421060954422,-0.01204142368860362,0.11519122472997387,0.1137327869209406,0.22892401165091447
1909,0.41578497206436327,0.14419849035801152,0.03930293341591302,4.602757005933125e-06,0.0578,-4.571446973605682e-09,0.018643153900223405,8.118144179823582e-05,-0.07649536983763686,-0.4106052101723724,0.017975574578820954,-0.09986106882373119,0.1917775514880681,-0.028890056501103614,0.10682925511094896,0.16288749498696448,0.2697167500979134
1910,0.42365771657290724,0.14712343417199197,0.04052088984815335,5.956055422141071e-06,0.06,-2.1614795999213828e-08,0.019021314431156552,9.027966653513794e-05,-0.08096236416356298,-0.42731990160551886,0.01885166086654643,-0.10126503542660648,0.19159019115572065,-0.04132372349329111,0.09972392880222863,0.15026646766242954,0.24999039646465818
1911,0.43172446182342417,0.14965388720193804,0.041881262701045564,1.7415814038009253e-05,0.06220000000000001,-4.3459474462224975e-06,0.01934847198431432,9.620327793553708e-05,-0.08079630148466728,-0.42998621178032065,0.018380877384611482,-0.10240012153911617,0.1913996219514424,-0.059295598493291114,0.11011559943575681,0.13210402345815128,0.24221962289390808
1912,0.4411188206442882,0.15188868086645418,0.042878826305606826,2.2427388955079886e-05,0.0644,-5.847549428311992e-06,0.019637404289495723,0.00010120492627919544,-0.08416725786045702,-0.44624369987401774,0.018191209219227608,-0.10353520765162587,-0.2483084466661772,-0.0661598563057911,0.10428656070477778,-0.3144683029719683,-0.21018174226719055
1913,0.4511101864129264,0.15330585444979816,0.044026368273258606,2.7656634727363396e-05,0.0666,-7.1922561324590565e-06,0.01982062801917567,0.00011749667021635515,-0.08999724194898477,-0.46944241229155753,0.01908084323305194,-0.10467029376413556,-0.30943169229472783,-0.06464659946985361,0.08997189343234424,-0.37407829176458146,-0.2841063983322372
1914,0.4601963162469982,0.15457626717730283,0.04520987039008442,4.329092946073793e-05,0.0688,-1.3462098136662114e-05,0.019984877311500917,0.00012849017946159254,-0.08457767498003255,-0.43766027867398705,0.01881553359694951,-0.10580537987664523,0.020398445252377703,-0.050949285016728615,0.13969785020295658,-0.030550839764350912,0.10914701043860567
1915,0.4694354181899819,0.15610466489701386,0.04631575048940871,6.693603406687229e-05,0.07100000000000001,-2.3723386031141867e-05,0.020182481002348016,0.00013884272680204853,-0.08391816861846214,-0.4371944681602343,0.018340234206314938,-0.10694046598915492,0.1641375391623491,-0.011198992047978615,0.1535075013920537,0.1529385471143705,0.3064460485064242
1916,0.47921482337733345,0.15985586573369284,0.04719787789153416,0.00010472395319612847,0.07239999999999999,-4.1008180523903515e-05,0.02066746676284539,0.00015381574532518478,-0.09121274915463,-0.4692897053999611,0.018587480207618905,-0.10807555210166461,0.18922175763831675,0.020782209123896382,0.12956303883476647,0.21000396676221314,0.3395670055969796
1917,0.48857270139249587,0.16258930907616856,0.04820706679426695,0.00014918232826497543,0.0738,-6.125244545266246e-05,0.021020868554950105,0.00016917551127282123,-0.09594548398996819,-0.4869604637989392,0.019515499445389967,-0.10921063821417432,0.19018318847478569,0.041905402483271376,0.12184596465427486,0.23208859095805706,0.3539345556123319
1918,0.496297755277991,0.16608649857817934,0.04884028229458641,0.00018323694409597108,0.0752,-7.610407706089574e-05,0.02147301366369819,0.00017133099154735329,-0.09597226750628852,-0.48354518370119554,0.019562916486735932,-0.11034572432668399,0.1899763122778872,0.04568074428014638,0.13787575462560517,0.23565705655803357,0.37353281118363874
1919,0.5026723430775932,0.17007306232476815,0.048996002673768434,0.00021480643356725125,0.0766,-8.97651064660495e-05,0.021988429055885595,0.0001894603698546517,-0.08352649650181719,-0.4244873442267544,0.018343621137839647,-0.11151971481885221,0.18976010178406924,0.013044318498896382,0.21945440441938724,0.20280442028296564,0.4222588247023529
1920,0.5102704694887826,0.17401158799584562,0.049257382302201766,0.0002348309491097973,0.078,-9.778782194850873e-05,0.02249763369487715,0.00023168523552210868,-0.0924420290676883,-0.46370907168272324,0.019364216503952838,-0.11278881532908337,0.18954070686553806,-0.01793844517297862,0.18483010226884844,0.17160226169255943,0.35643236396140787
1921,0.5164280437930204,0.17777088456999443,0.04962487095212943,0.00025090349722747053,0.0794,-0.00010354397203541045,0.022983666138174118,0.0002500882254471093,-0.07907899900234429,-0.40338183938768596,0.01765042915244861,-0.11405791583931453,0.1893181118062252,-0.03711156529016612,0.2677365881270616,0.15220654651605908,0.41994313464312066
1922,0.5224142343870243,0.18139501033587407,0.05006181215141305,0.00027848038440437395,0.0808,-0.0001164902121432774,0.023452222599752253,0.0002970919232945922,-0.08319875025239644,-0.423517067041816,0.0176176888143764,-0.11532701634954567,0.0877045766097048,-0.05461542271204111,0.2541572167402375,0.033089153897663696,0.2872463706379012
1923,0.5280449192589999,0.1845477401809807,0.05104761703413545,0.00032296805697616817,0.08220000000000001,-0.00013734368999361886,0.023859833161847744,0.0003588489137441082,-0.0983781005884027,-0.48313501591618857,0.02013417893723734,-0.11659611685977683,0.12093783396952988,-0.05859357212610361,0.19226952848955964,0.06234426184342627,0.2546137903329859
1924,0.5342756994818475,0.18680124775493354,0.05150986570635827,0.00036775463383702153,0.08360000000000001,-0.000156948144582649,0.02415118495348034,0.0003653308531343488,-0.09676173371086598,-0.47891095858464433,0.018932947223139516,-0.11786521737000799,0.18863121099961191,-0.05087128208704112,0.2063091727966297,0.1377599289125708,0.34406910170920046
1925,0.5372841353102968,0.18821238581187588,0.051673788821869814,0.0004219384796835575,0.085,-0.00018104599816230144,0.024333628361207574,0.00039590547774146477,-0.09851781704762007,-0.4834531192635289,0.019111325616774345,-0.11913431788023915,0.18839574168627352,-0.029732488141728613,0.20514680768989896,0.1586632535445449,0.36381006123444387
1926,0.5395236102751987,0.18896034137248685,0.051816098955538126,0.000488838947392924,0.08710000000000001,-0.00021183157350609222,0.024430330140764196,0.000412492307932702,-0.09994565068319301,-0.4849168175580776,0.01836394272698792,-0.12040341839047031,0.18815706175477445,-0.0014174246651661175,0.2056179365210543,0.18673963708960833,0.39235757361066265
1927,0.5432600906385745,0.19008771792180337,0.05198379447026094,0.0005376978576559379,0.0892,-0.00023284804680022037,0.024576086552362045,0.0004820349176282734,-0.10685254772298784,-0.512319231672418,0.019786453967366918,-0.12167251890070147,0.187915087386083,0.022279865373896382,0.1788367299827444,0.2101949527599794,0.3890316827427238
1928,0.5456976395063193,0.19261523967570557,0.052296910597016216,0.0006041581471273721,0.0913,-0.00026279494428705795,0.024902865126306687,0.0005034217468655627,-0.10726578601956961,-0.5107977310686997,0.019534692057363332,-0.12294161941093265,0.16326849505962074,0.006741681780146382,0.18618699541321512,0.17001017683976713,0.35619717225298225
1929,0.5483900873676328,0.19573263320522516,0.05249315114561028,0.0006991389532516659,0.0934,-0.00030726284398449366,0.025305907122059212,0.0005709301286638115,-0.11491698382785755,-0.5376620159282711,0.020235786882978696,-0.12421071992116381,0.008459436299327926,-0.0012146170479786175,0.15973065228414465,0.007244819251349309,0.16697547153549397
1930,0.550333516622449,0.19882000970563013,0.05265317832484715,0.0008046872868654649,0.0955,-0.0003569478811398764,0.025705068272096766,0.000559223405828032,-0.1082402510748081,-0.5052346594150692,0.020432228911411984,-0.12547982156900256,0.17991195822791398,-0.0009962088448536178,0.20549623258910887,0.17891574938306035,0.3844119819721692
1931,0.5536789803460461,0.20131388377880094,0.053272369430944926,0.0009294475726469359,0.0976,-0.0004234302742642599,0.026027496600149767,0.0005568013639347376,-0.09484126841997116,-0.4539867446457466,0.018079440478912117,-0.12674892343562763,0.1869152841968948,-0.023227043805791117,0.2754580527958259,0.1636882403911037,0.4391462931869296
1932,0.5582808754232869,0.20360827435255763,0.053601696880784346,0.0010543834513512273,0.0997,-0.0005147621064588697,0.026324134078583614,0.0005324928592870512,-0.08467465594164364,-0.4056659415732071,0.018100891045235292,-0.12801802530225273,0.04254262073622287,-0.03977926548547862,0.3423293631675236,0.002763355250744254,0.34509271841826783
1933,0.563570531939778,0.20595284061138336,0.05409861396452998,0.001184605445264383,0.1018,-0.0006224626843988998,0.026627258677766566,0.0005944694287057145,-0.08908420988256885,-0.4244939868484449,0.017794938230836322,-0.1292871271688778,0.15037091489606738,-0.04670592564172861,0.3281354717139739,0.10366498925433877,0.43180046096831265
1934,0.5702019979865317,0.208625337940121,0.05441991310340956,0.0013320156591045637,0.1039,-0.0007381026927969689,0.026972780873414322,0.0006305516812575746,-0.09839133772632881,-0.4610913829587334,0.019416149453998416,-0.1305562290355029,0.18613128672545048,-0.03899923618860361,0.29472169428447503,0.14713205053684686,0.4418537448213219
1935,0.5778976386537485,0.21133106028595894,0.054819830813939444,0.0015140874691176472,0.106,-0.0008706555050341754,0.027322598669561087,0.0006939572444081605,-0.10544668021770516,-0.4905142447097643,0.01952001535408958,-0.13182533090212797,0.18586353451204687,-0.012384636579228616,0.27044227715619173,0.17347889793281826,0.44392117508900997
1936,0.591801651424003,0.2137441989690446,0.05535114257628753,0.0017509055108796074,0.1075,-0.0010275388508961159,0.02763458886959475,0.0007745328485722299,-0.11411350894044887,-0.521579442282094,0.021159290212050142,-0.13309443276875307,0.185592517547358,0.045275129045771384,0.24990138756823985,0.2308676465931294,0.48076903416136924
1937,0.6050769535939623,0.21601848550342512,0.05602722410434177,0.002007722930345615,0.109,-0.00119443137460908,0.02792862713427001,0.0008828305523176103,-0.12223977875447924,-0.5539853824023824,0.021217997025145145,-0.13436353463537817,0.1853182578338796,0.048566852678583884,0.2263767136769587,0.23388511051246347,0.4602618241894222
1938,0.6143163556676441,0.21819629819766892,0.05682187406304186,0.0022642514552733083,0.1105,-0.0013599106337031624,0.02821019247606966,0.0008680038255835931,-0.11304289318206821,-0.5204794159612286,0.020114986325263973,-0.13563263650200325,0.1850407365123296,0.038130060686396385,0.2807771057315421,0.22317079719872598,0.503947902930268
1939,0.6240290253659048,0.2213643762006778,0.05746895288739526,0.0025347504980295452,0.11199999999999999,-0.0015325292388171084,0.0286197873728773,0.0009214563462418776,-0.12166859347825175,-0.5496525675187485,0.021597333355912875,-0.13690173836862835,0.1847599106254542,0.035228351702021383,0.25878025342259375,0.21998826232747556,0.4787685157500693
1940,0.6328079131866167,0.2229765612561473,0.058237816111262476,0.0028465441879413182,0.1135,-0.0017254780322148227,0.028828223772108214,0.0009925363482708725,-0.13179574611672115,-0.590955619876347,0.021772324818022992,-0.13793690008074544,0.1844758339571321,0.01580562220983388,0.2195481755743412,0.200281456166966,0.41982963174130716
1941,0.6406393106738086,0.22454048387947126,0.05904911684993039,0.0032158422980008653,0.115,-0.0019543642635836294,0.02903042041149245,0.0010417771370690011,-0.1367054175151405,-0.6087972279739823,0.022043279339999944,-0.1386016615843945,0.1841885864846894,9.583217077138214e-05,0.20850155925267164,0.18428441865546077,0.3927859779081324
1942,0.6467903693850071,0.22702002485983172,0.05995285054013939,0.003679917983908696,0.1165,-0.0022278612629457748,0.029350995640706024,0.001006081854686935,-0.1403197375578402,-0.6196358753820368,0.022764695754763583,-0.13926642308804357,0.18389809416798145,-0.018375261579228617,0.20561503872817702,0.16552283258875283,0.3711378713169299
1943,0.6503644461429852,0.22924453731605288,0.06206582611397693,0.004242422687639639,0.118,-0.00255996622266676,0.029638598707640566,0.0010766843974842214,-0.14265203069084795,-0.6270937261780762,0.02276356677758867,-0.13993118459169263,0.1836043762155363,-0.03703356236047861,0.20515917446008475,0.14657081385505769,0.35172998831514246
1944,0.6504430376980087,0.23104415837141587,0.0627901705280247,0.00491807970685202,0.1195,-0.0029669287087109313,0.029871268357745197,0.001261503078086484,-0.14151495603683145,-0.6173619465792535,0.022731955416691364,-0.14059594609534168,0.18330738198668894,-0.03183856724329112,0.22012039573668682,0.15146881474339782,0.37158921048008464
1945,0.6496061532856737,0.23256102002856793,0.06354111921281827,0.005532504255877114,0.121,-0.0032762424600497144,0.030067380572577844,0.001243027462409489,-0.12704482957634647,-0.5575579967825157,0.02114122657725168,-0.14126070759899073,0.18300712894373772,0.003543561662958881,0.2955526549772735,0.1865506906066966,0.4821033455839701
1946,0.6493618958404117,0.234719140618533,0.06420148157106335,0.0063350897478713095,0.1254,-0.003562297989003587,0.03034639995893943,0.0013291340519862088,-0.12548739318890506,-0.5521415808708179,0.021155903280525426,-0.14192546910263978,0.18270359473494086,0.02059500209264638,0.30973230391796425,0.20329859682758725,0.5130309007455515
1947,0.6507524562475837,0.2376905755595097,0.06447964408409505,0.007174192884369756,0.1298,-0.0038539827375130777,0.03073057124097985,0.001471484704542502,-0.1406600454951706,-0.6062856423060555,0.02152394983954412,-0.14259023060628886,0.18239681638037056,0.06608631068639638,0.25023297341559647,0.24848312706676695,0.4987161004823634
1948,0.6510486189835172,0.24065955751693816,0.06463030321470589,0.008088001613506679,0.1342,-0.004182976414295176,0.031114425381351923,0.0016498965617847228,-0.14799557361337543,-0.6280395224153852,0.02286969063202965,-0.14325499210993792,0.1820867991187164,0.08165569545202138,0.23078742935084073,0.2637424945707378,0.4945299239215785
1949,0.6527084527085656,0.24299254560246664,0.06477274143686772,0.009036748710015313,0.1386,-0.004530413719862059,0.031416053060101604,0.001613964801060153,-0.14459175609457042,-0.610367607557317,0.022555834977406344,-0.14391975361358697,0.18177350173895448,0.06663233119420887,0.260286810311147,0.24840583293316337,0.5086926432443104
1950,0.6557653875132589,0.24470150658464623,0.06524025421833254,0.010007107168441205,0.14300000000000002,-0.004891852973113595,0.031637001438417835,0.0019338583446894455,-0.16106179183137914,-0.6635503788628122,0.025215705201480088,-0.14458451511723602,0.1814569633566329,0.03298186732702138,0.20341228168472525,0.21443883068365427,0.4178511123683795
1951,0.6588927341480265,0.2471563496114333,0.06564005193091671,0.011024903180030245,0.1474,-0.0052412326654115125,0.03195438351527353,0.002135796687993136,-0.16546287322309622,-0.6849571416217956,0.02387222236334437,-0.14710768873059343,0.18113711866275609,-0.011511003766728615,0.1853075051961211,0.16962611489602747,0.35493362009214857
1952,0.6644357350264037,0.24985541351514895,0.06618227698723902,0.012015796120483167,0.1518,-0.005517378182140423,0.03230334045385574,0.0022794375010094965,-0.16939362157074692,-0.6917185962712793,0.024616218321606084,-0.1497592068193485,0.1808140109638238,-0.013523479352666115,0.18709941508223094,0.16729053161115767,0.35438994669338864
1953,0.6710451162563525,0.25428088991664355,0.06718872494693483,0.013132582266308515,0.15619999999999998,-0.0058387569697028975,0.0328755020446604,0.002435635621269988,-0.1742600892492416,-0.7022653858818827,0.02599244149781402,-0.15241072490810365,0.18048767518443254,-0.026581169782353614,0.18837593554105292,0.15390650540207892,0.34228244094313187
1954,0.677237611770238,0.25967372750168116,0.06788150641721666,0.014414725735388706,0.1606,-0.006217040638817023,0.03357273195883737,0.002580952011022462,-0.17577184962179604,-0.7058030542877413,0.026839174378992,-0.15506224299685875,0.1801580463648328,-0.02642516392297861,0.19994624222816312,0.15373288244185418,0.3536791246700173
1955,0.682619373744286,0.2655936951025735,0.06883919838083184,0.015871239696417995,0.16499999999999998,-0.0066412720602411785,0.03433811352971067,0.0028738989672928024,-0.1916436185176609,-0.754506921474491,0.028087823134435783,-0.15771376108561386,0.17982516920850813,0.0008758614676463821,0.15271776941754178,0.1807010306761545,0.3334188000936963
1956,0.6873357056551376,0.2725517716646777,0.06994553058841406,0.017526349573376843,0.16939999999999994,-0.007089280514128908,0.035237710272192364,0.003133702322525649,-0.20646787059243243,-0.7950047562023516,0.031008487085912348,-0.16036527917436896,0.1794890063461402,0.061016120256708876,0.11721207067895492,0.2405051266028491,0.357717197281804
1957,0.692244681510667,0.27958422790608495,0.07099150271346814,0.019399592587643583,0.17379999999999998,-0.007582239267881265,0.03614692342469926,0.003261718150212236,-0.21682777143185375,-0.8218499955676518,0.03371916128285677,-0.16301679726312407,0.1791495207576567,0.11695982142858387,0.09987100404512067,0.2961093421862406,0.39598034623136125
1958,0.6982013123184595,0.28511050489181716,0.0718296728486253,0.02139256420091022,0.1782,-0.00809867092521055,0.03686140547013868,0.0034621765305417533,-0.2156592725433531,-0.8288972136306317,0.03344820676087982,-0.16566831535187918,0.1788067540033275,0.12437009974889635,0.11018237057029809,0.3031768537522238,0.4133592243225219
1959,0.7060915894484163,0.2897960006579358,0.07252331983919773,0.023473616832854174,0.1826,-0.008631661881881672,0.03746718447968114,0.0036870408812947147,-0.22550511536286139,-0.8581453833519825,0.03487410493278352,-0.1683198334406343,0.1784607567238176,0.09270091029577138,0.08991086303480397,0.271161667019589,0.361072530054393
1960,0.7202905696479234,0.292997467668684,0.07348337066865993,0.025827676206833274,0.187,-0.009219822358210696,0.03788109617903168,0.0037362701417740342,-0.23407508011846362,-0.8819554014297853,0.036018887788136146,-0.16971698815179884,0.17811146430862335,0.07100049525670887,0.08226804624278386,0.24911195956533222,0.3313800058081161
1961,0.7319066489110062,0.2955026254705094,0.07451999075515152,0.02855925730934751,0.1914,-0.009865515357396276,0.03820498335931922,0.004105780520026358,-0.2676271704453715,-0.9562275674937012,0.03592856961414383,-0.17042405828273247,0.1748425912224242,0.022903888811396374,-0.004016455639697353,0.1977464800338206,0.19373002439412323
1962,0.7447552875696014,0.30164208683943183,0.07562036876609228,0.031688593582978486,0.1958,-0.010578095288897459,0.038998742870123546,0.004511431302563517,-0.2718876837847188,-0.9694555854677223,0.03579535030750516,-0.1711311284136661,0.018878477916170075,-0.01051256626672862,0.005759368283291821,0.008365911649441456,0.014125279932733277
1963,0.7551244923663941,0.3101204192328024,0.0768373676427607,0.035323879782361074,0.2002,-0.011374629418788215,0.04009489065387928,0.004822512838395713,-0.2874893020458671,-0.98951374435342,0.03770896661896738,-0.1718381985445997,-0.7158139715324602,-0.022088201032353615,1.6654772885704716e-05,-0.7379021725648138,-0.7378855177919281
1964,0.7668325860414642,0.3177782307119631,0.07797750836117712,0.039515870323625524,0.2046,-0.012240337240356834,0.04108495481883992,0.00515745595719954,-0.2943765439577151,-1.013827358891323,0.035699387247638326,-0.17254526867553333,-0.6203003960549346,-0.027454802594853615,-0.00434351530302024,-0.6477551986497883,-0.6520987139528085
1965,0.7750020253272003,0.3240584142718925,0.07912812037161711,0.04425079306172827,0.209,-0.013171109354880138,0.041896908039284385,0.005530731838294708,-0.305194811980387,-1.0291928522604994,0.03581341394230362,-0.17325233880646695,-0.2927293197139612,-0.02445949009485361,-0.006130705549912602,-0.3171888098088148,-0.3233195153587274
1966,0.7933554618069759,0.3291563789881994,0.08043499227824176,0.04951999742158163,0.2139,-0.014203830262697672,0.04255601439017648,0.006092023359996863,-0.3141867039596643,-1.0440088916699541,0.03598501847288903,-0.17395940893740058,0.11690965230767818,0.001172272600458882,0.004641051888344294,0.11808192490813706,0.12272297679648135
1967,0.8035372390405069,0.33461693070718185,0.08173681288507453,0.05541137803142665,0.2188,-0.015369502804059475,0.043261998938449966,0.007050241255667824,-0.31716837447105173,-1.0378106969903373,0.03717383143806291,-0.17466647906833419,-0.07633744709933905,0.03288826381139638,0.03657337896258803,-0.04344918328794267,-0.006875804325354645
1968,0.819099787306828,0.34246390075189564,0.08303265194202866,0.0620250176939987,0.2237,-0.016658740252110855,0.044276519061586014,0.007964446396828254,-0.32971058133287534,-1.0633433090663236,0.03694690702590721,-0.17537354919926781,0.0011209927611538926,0.04962769252233387,0.034423050328494825,0.05074868528348776,0.08517173561198259
1969,0.8338042772699955,0.3503951136211,0.08433568997383305,0.06940457268610495,0.2286,-0.01807646233582837,0.0453019307823946,0.008422901301101562,-0.33917011994443735,-1.082329246458769,0.037327372333849834,-0.17608061933020144,0.07485921849687786,0.05260740443639637,0.04193540989914324,0.12746662293327424,0.16940203283241748
1970,0.8601056867755428,0.3600763008098104,0.08564295329194294,0.07752432065302464,0.2335,-0.019584287763525717,0.0465535934194159,0.00881631972889803,-0.36099363869875056,-1.117739927862482,0.03897116310051002,-0.17678768946113504,0.07891007914399001,0.054541877092646365,0.036084793993251374,0.13345195623663636,0.16953675022988773
1971,0.8704713664042307,0.36890870774209955,0.08697653005745726,0.08629936138929499,0.2384,-0.02118133819412725,0.04769551883998892,0.009361601660826861,-0.3630728485853032,-1.1198650829417987,0.04070978794986213,-0.17749263314257094,-0.03213341039414315,0.025868000139521383,0.06721097117996053,-0.006265410254621767,0.06094556092533876
1972,0.9038027981275357,0.37686235196366014,0.08833608498667642,0.09586454823281923,0.2433,-0.022967072920534883,0.04872383066851104,0.00981731108651187,-0.37833259858224894,-1.1395164122498815,0.043729801892730236,-0.17813366446922693,0.049119653936524114,0.02408953334264638,0.09148697873655223,0.0732091872791705,0.16469616601572273
1973,0.947413310436224,0.3827611428385231,0.08973570827204462,0.1065360909073281,0.2482,-0.025021470958265526,0.049486474339968826,0.010263077943977406,-0.38949528911570225,-1.1708076710152093,0.04287855310285265,-0.17877469579588295,0.15522883058251086,-0.004677947126103617,0.11317523095585869,0.15055088345640724,0.2637261144122659
1974,0.9615581858596881,0.3885027404500874,0.09117778759868157,0.11833679820024996,0.2531,-0.027323489548180188,0.05022879478756706,0.009833869864116558,-0.38358523490740726,-1.1605337120811596,0.04373431780142985,-0.17941572712253898,0.10279066121396813,-0.018796477399541114,0.16561433090253444,0.08399418381442701,0.24960851471696144
1975,0.9624455873535835,0.3952128039295565,0.09266357277959471,0.1303365365518638,0.258,-0.029635826937939886,0.051096326381118586,0.010195044480446483,-0.3752803422697998,-1.1474780678032483,0.04403688368430412,-0.180056758449195,-0.20496901654447228,-0.01848446568079112,0.2115357597002845,-0.2234534822252634,-0.011917722524978913
1976,0.97435908035871,0.4026390807712568,0.09419547241229095,0.1421138614420073,0.261,-0.0319946502480128,0.05205645586459478,0.010157693874008632,-0.3939758500148029,-1.1797995850441636,0.04673626810949949,-0.18069778977585102,0.042795931279707856,-0.023133440290166115,0.19679003774953766,0.01966249098954174,0.2164525287390794
1977,1.0047459408949464,0.41052561430478585,0.09577267180478252,0.1538777853664602,0.264,-0.03457067762160703,0.05307609107741714,0.010830870570219826,-0.3980537148687474,-1.1864610076857691,0.048042494700863386,-0.18133882110250701,0.12845401331973466,0.006975690569208881,0.24044724744084453,0.13542970388894354,0.37587695132978804
1978,1.0324372991215254,0.41862655411628874,0.09741297522720785,0.16543534853457922,0.267,-0.03734120413968646,0.05412344647806891,0.01120147291490472,-0.40041860526250433,-1.189075207025899,0.05059172516179654,-0.18197985242916304,0.1506635484397897,0.05309102260045888,0.2880139526971186,0.20375457104024858,0.4917685237373672
1979,1.0589636069119714,0.42669437735812077,0.09912021178908688,0.17622480721846137,0.27,-0.03987221824102907,0.055166520299187574,0.011683940694803765,-0.40752233902360085,-1.200657172658761,0.05170038074755223,-0.18262088375581906,0.1473114304822424,0.09188967982702137,0.31888123133997415,0.23920111030926378,0.558082341649238
1980,1.0954025083766048,0.43449636128063635,0.1012070164469826,0.18701829926544936,0.273,-0.042166225614574955,0.05617522425047998,0.011734334441071645,-0.406747808991856,-1.19712251747473,0.05103654216870871,-0.18326191508247508,0.10919015697394699,0.08424539271764638,0.3807718190662978,0.19343554969159338,0.5742073687578912
1981,1.1152241597898602,0.44179546782110907,0.10383054271672926,0.1975334299394184,0.276,-0.04436256423340337,0.05711891212287247,0.011386504450445398,-0.394410366755015,-1.17481101859549,0.0505781774356977,-0.1839029464091311,0.0757372745424995,0.08678828822545888,0.4559802982830927,0.16252556276795838,0.6185058610510511
1982,1.1280021811536614,0.44836294039290975,0.10749698125538218,0.2078895281828448,0.27899999999999997,-0.04640418538493171,0.057968008403891706,0.011412520799882097,-0.3951060690684594,-1.1622854569327543,0.054388475400998594,-0.1845634619404803,-0.15641584008740989,0.04344986049108388,0.5061614622629447,-0.11296597959632601,0.39319548266661863
1983,1.1558336681447046,0.4540252082454669,0.10928106820725893,0.21825935350834982,0.28200000000000003,-0.04844961176015245,0.05870007245489129,0.011480055030364505,-0.38135451651689284,-1.1515552874150123,0.05111557057095198,-0.18530513482030353,-0.6775945263802521,0.04162459193639638,0.5740304456496268,-0.6359699344438557,-0.06193948879422895
1984,1.1813978466442332,0.45842964918773516,0.11142160938353082,0.22870547193840404,0.28500000000000003,-0.05058730650767188,0.05926951441040196,0.012126313035234544,-0.38754252851859833,-1.1598601892149896,0.053256111294569905,-0.1860468077001268,-0.2289078353791943,-0.00935812290735362,0.6055696839527229,-0.2382659582865479,0.36730372566617503
1985,1.205712078995702,0.4640078888095275,0.11313579571348345,0.24051683674341276,0.28800000000000003,-0.05287501092197234,0.0599907146081516,0.012412365353840731,-0.38918107123844403,-1.1616512807756825,0.054473148689116374,-0.18678848057995007,-0.011715700559269468,-0.026581169782353614,0.6477529853971857,-0.03829687034162308,0.6094561150555626
1986,1.2286156593151185,0.46901766609590667,0.11596211366983594,0.25337402653122165,0.28990000000000005,-0.05524246970815758,0.060638419370690554,0.013082075286671307,-0.3909416208270812,-1.1617080558068658,0.055499388941104094,-0.18753015345977328,-0.00014658150072006793,-0.02445949009485361,0.690667049408671,-0.02460607159557368,0.6660609778130973
1987,1.2571497158936118,0.4730119799810411,0.1165635757301359,0.2667953647238868,0.2918,-0.057771406573045476,0.06115483676383716,0.01361613536024769,-0.4011599120311591,-1.1751581292648037,0.057603802395125074,-0.18827182633959658,0.062169756099630324,-0.013585881696416115,0.7153341366392807,0.04858387440321421,0.7639180110424949
1988,1.2981626027792275,0.47826036878688755,0.11875748295299426,0.2811785693737924,0.2937,-0.06050800902230697,0.06183339116473743,0.0141803935384278,-0.4030711390146394,-1.1812353653598833,0.059822242543811376,-0.18901349921941984,0.1102479335964212,0.03143740931920888,0.7720670385236286,0.14168534291563006,0.9137523814392586
1989,1.324589542573679,0.4836226214565037,0.12202691743090058,0.2939399784059314,0.29560000000000003,-0.06292421228121488,0.06252666681223788,0.014703684436301514,-0.4028554704565182,-1.18150750102662,0.05895970398218475,-0.18975517209924306,0.14261546154697627,0.09329373256139636,0.8189267592341417,0.23590919410837263,1.0548359533425145
1990,1.3436908544453616,0.48664226902486096,0.12490226273897546,0.30488456364731936,0.2975,-0.06511355668957348,0.06291707141495981,0.014810608147986055,-0.40195438238743036,-1.1791641655789304,0.06108331004817911,-0.19049684497906633,0.14079531171550244,0.08185850306920887,0.8597019898326417,0.2226538147847113,1.082355804617353
1991,1.364658981548936,0.4919718908371174,0.12706710343808758,0.31365994034118244,0.2994,-0.06672783331190246,0.06360612827976604,0.014293023487522236,-0.4166967094846515,-1.1724774208567836,0.06676432319229586,-0.1909628409298788,-0.4148185776434353,0.08014243861608387,0.894556586541691,-0.33467613902735144,0.5598804475143395
1992,1.3758304399033734,0.4949587380206074,0.12868849827643974,0.3211512531725738,0.3013,-0.06802133431438051,0.06399229218189846,0.014461169930245685,-0.38723751521528266,-1.1479328637501678,0.05946435677936681,-0.19129755052506844,-1.6835767484157795,0.05937805873327137,0.9653574844596058,-1.6241986896825082,-0.6588412052229025
1993,1.3873062503764741,0.4957473367441737,0.12967470856666988,0.3255447064702736,0.3032,-0.06828939224713877,0.06409424864019747,0.014624725546422603,-0.38472832026546,-1.1365108530133448,0.06134071684405722,-0.19163226012025816,-0.8170844043492784,0.010517023577021379,1.000371867542067,-0.8065673807722571,0.19380448676980988
1994,1.4111500098435403,0.497894362018594,0.1313575357440884,0.3290857130105059,0.3051,-0.06791866804206649,0.0643718335339041,0.015281198139057227,-0.3894880080446855,-1.1210407022634215,0.06545696762375708,-0.1919669697154478,-0.0813850082344821,-0.019061687360478616,1.0492832718478253,-0.10044669559496071,0.9488365762528647
1995,1.440118918727914,0.49986205202981554,0.13320894781501078,0.3322475581303097,0.307,-0.06703791000431095,0.0646262325058771,0.015658413593556627,-0.3721596853643389,-1.1075226123803106,0.06452556145446131,-0.1923016793106375,0.08530772110638411,-0.024677898297978614,1.1182257971973468,0.060629822808405495,1.1788556200057523
1996,1.4676888490427373,0.5006291484098832,0.13585590276678067,0.33490320941898816,0.3095,-0.06601136774590657,0.06472540896628524,0.01627572380858138,-0.36589316509178177,-1.0961443762379177,0.06309288941950816,-0.19263638890582716,0.14569222560343534,-0.036877556501103616,1.1719858338513307,0.10881466910233173,1.2808005029536624
1997,1.4851048049990405,0.5019783777710608,0.13843692074689792,0.3370098182774787,0.312,-0.06499065391713216,0.06489984831419161,0.016835783952880833,-0.394928614234063,-1.098674733501341,0.06968047123507282,-0.19297109850101685,0.16690248873741567,-0.020465740094853614,1.1743809251430701,0.14643674864256206,1.320817673785632
1998,1.526368444939826,0.5059882172568348,0.14080360231527672,0.33929393382046674,0.3145,-0.06483607966581698,0.06541827298329096,0.017216533573233533,-0.3768351470113248,-1.083935026578039,0.07128813473213606,-0.1933058080962065,0.1710925825750941,0.026429621233271382,1.2619650782696776,0.1975222038083655,1.4594872820780431
1999,1.5589885459285804,0.5089297079478178,0.14382597303539607,0.34120735370644156,0.317,-0.06342075318055171,0.06579857282909321,0.017734787713925882,-0.35010874403054604,-1.0471076312821888,0.06322723770332174,-0.1936405176913962,0.17324185027932018,0.060938117327021375,1.3624345326798943,0.23417996760634155,1.596614500286236
2000,1.5775399671513664,0.509421415291777,0.1468460087476862,0.3431063108282456,0.3195,-0.06237322185189508,0.06586214475460049,0.01839249144195224,-0.3479936666626464,-1.0487782729277435,0.060507531688978086,-0.19397522728658584,0.17458241694797966,0.08603946010045888,1.3880554811757355,0.26062187704843853,1.648677358224174
2001,1.601745343412876,0.5087738055132877,0.1491466573136945,0.3448673900826685,0.322,-0.060815893094171014,0.06577841649407785,0.017899942222441283,-0.34866761096162896,-1.053483545058067,0.06202600598922391,-0.19430993688177553,0.17084303620462507,0.07547786342077137,1.4149605750326275,0.24632089962539644,1.661281474658024
2002,1.632609135534602,0.5090958688884404,0.15111220533001987,0.3464439679886969,0.3245,-0.05978316894388507,0.06582005546723001,0.018128542399817114,-0.3578594978643104,-1.0491006469450042,0.06715946520351225,-0.19464464647696525,0.17652225756277531,0.08076646205358387,1.4534812805821535,0.2572887196163592,1.7107700001985127
2003,1.671400142775313,0.5106670460531952,0.15326427962225553,0.34790820591162025,0.327,-0.058973423384733444,0.06602319003274673,0.01805239027344175,-0.3659762456923163,-1.0725661726716764,0.0693632286489248,-0.19497935607215489,0.165150043379564,0.019393756975458882,1.4711832854966167,0.18454380035502288,1.6557270858516395
2004,1.6991965606196484,0.5104384125131529,0.1552736887819889,0.34920895132926943,0.3295,-0.0581486778245972,0.06599363042873715,0.01924441599932002,-0.3762451596587922,-1.1041336982486227,0.07275919199103593,-0.19531406566734458,0.1719032893302405,-0.007392449079228617,1.467773250263796,0.16451084025101187,1.6322840905148077
2005,1.7297400886794136,0.5094651960767823,0.15729108796055888,0.35086372329530674,0.332,-0.05775933571624462,0.06586780509064633,0.020011879354492775,-0.38667497968819287,-1.1297015815287206,0.07611902806355013,-0.19564877526253424,0.14980785321635395,-0.033851042829228614,1.4715741363250583,0.11595681038712534,1.5875309467121836
2006,1.7617833543685673,0.50951668724793,0.1598414818873704,0.35252564914427104,0.3345,-0.05686062971671304,0.06587446228813726,0.020249999999999997,-0.3958141845882713,-1.1348429480740785,0.07708430354809302,-0.19598348485772393,0.12455411284421772,-0.03985726841516611,1.4978746912475822,0.08469684442905161,1.582571535676634
2007,1.7878360352053109,0.5122031458837186,0.16222827374917703,0.3545933740340918,0.337,-0.0563869278666298,0.06622178951513696,0.020722319425424393,-0.38664521111607714,-1.1303037283033994,0.08113620262882336,-0.1963181944529136,0.1214193886258194,-0.05137050083704111,1.5522870787026628,0.0700488877887783,1.6223359664914412
2008,1.819137377836226,0.5147907948832547,0.16506775386696382,0.35665892154694595,0.3395,-0.05557659291405424,0.06655634182853731,0.02047097067623021,-0.3789892437683556,-1.1148478641147568,0.07896179258995834,-0.1966529040481033,0.13327703444478306,-0.05385099400110361,1.6150773483828467,0.07942604044367946,1.6945033888265262
2009,1.8415483901263139,0.5166383413715511,0.16719316508387508,0.35846473087083547,0.342,-0.05464291420806347,0.06679520766848897,0.019394627355518952,-0.3658709251305358,-1.085305751663406,0.07916049257274142,-0.19698761364329292,0.1066842123978326,-0.05391339634485361,1.6883877504040268,0.05277081605297899,1.7411585664570057
2010,1.875245201723027,0.5186193774610998,0.169825538107101,0.36026130467677486,0.34450000000000003,-0.05408420578574871,0.06705133213003955,0.02026928456261336,-0.3633280050995339,-1.0797576777260378,0.08543308975650787,-0.19732232323848262,0.1379875550624469,-0.03176056431360362,1.7467129165673603,0.10622699074884327,1.8529399073162036
2011,1.902886024498851,0.5206654972268174,0.17285787987825957,0.36208075509341187,0.34675,-0.053450167134140476,0.06731587113870639,0.02081009637458655,-0.36544036266195096,-1.0866347852873863,0.08333093425683667,-0.19765703283367228,0.1090569133516887,0.0026075265067088817,1.7735147105503197,0.11166443985839758,1.8851791504087174
2012,1.9323132158231748,0.5226414540628831,0.1754867855180658,0.3638754791467645,0.34900000000000003,-0.05296177625484493,0.06757133891304654,0.02109810816809715,-0.36629173818898825,-1.0759251419290397,0.08588693858081925,-0.19799174242886197,0.13867518125293046,0.016975666155146382,1.824702921411117,0.15565084740807683,1.980353768819194
2013,1.9720749619871092,0.5246068340486272,0.17827016844930166,0.36577610987490766,0.3512500000000001,-0.0523462319002469,0.06782543922613356,0.02136850064364614,-0.35864869189930637,-1.0698535375451919,0.08425330860873322,-0.19832645202405164,0.15767154312883705,0.02524397670202138,1.8862504094696617,0.18291551983085844,2.06916592930052
2014,2.000018606424943,0.528052824741862,0.18158687184810912,0.36763044756079205,0.35350000000000004,-0.05165775814019396,0.06827096493637651,0.02147425720854746,-0.36382002767261995,-1.0660334214925393,0.08632836865620672,-0.19866116161924133,0.13977836334337682,0.03513474818639638,1.9266899724522426,0.17491311152977318,2.101603083982016
2015,2.0330307101336347,0.5322098128908906,0.18440148188542557,0.3694199871778449,0.35350000000000004,-0.051255370464527765,0.06880841418172805,0.021911108116866855,-0.3270799525726263,-0.9836556074556284,0.08613644253647303,-0.198995871214431,0.13977836334337682,0.005228424944208882,2.0884311552156505,0.1450067882875857,2.2334379435032363
2016,2.082470353619269,0.5353467247708472,0.1868185080937677,0.37132086489395977,0.35350000000000004,-0.05124014070548168,0.06921397966860848,0.02274921499822083,-0.3180533017150842,-0.9565094116067321,0.08409096169098201,-0.19933058080962068,0.13977836334337682,-0.031556094338903905,2.180377172898736,0.1082222690044729,2.2885994419032087
2017,2.1129324979795454,0.5380555865614897,0.18938468463097602,0.37323068521105135,0.35350000000000004,-0.05038733200380981,0.06956420335771922,0.02358732187957481,-0.30902665085754216,-0.9286374992551537,0.08204548084549103,-0.19966529040481037,0.13977836334337682,-0.04143544933338944,2.254583687944531,0.09834291400998738,2.3529266019545183
2018,2.1466319997429966,0.5414263262043796,0.19293422301570645,0.375630889895277,0.35350000000000004,-0.05,0.07,0.024425428760928784,-0.3,-0.9,0.08,-0.2,0.13977836334337682,-0.04543642261839527,2.3345488676192887,0.09434194072498155,2.42889080834427
2019,2.180155082794801,0.5447865270810341,0.19647532459718592,0.37803109457950257,0.35350000000000004,-0.04961275941683329,0.07043443410484816,0.02526353564228276,-0.2909733491424579,-0.8705536647283504,0.077954519154509,-0.2003347095951897,0.13977836334337682,-0.04614174006808852,2.4151260350713324,0.0936366232752883,2.5087626583466207
